{
  "cols": 10,
  "data": {
    "point-0": [
      0.20408163964748383,
      0.38435372710227966,
      0.7448979616165161,
      0.23129251599311829,
      0.5748299360275269,
      0.3571428656578064,
      0.9068027138710022,
      1.0,
      0.6700680255889893,
      0.190476194024086
    ],
    "point-1": [
      0.20408163964748383,
      0.38435372710227966,
      0.7244898080825806,
      0.569387674331665,
      0.8945578336715698,
      0.6020408272743225,
      0.9068027138710022,
      0.17006802558898926,
      0.08503401279449463,
      0.190476194024086
    ],
    "point-2": [
      0.20408163964748383,
      0.38435372710227966,
      0.9115646481513977,
      0.9727891087532043,
      0.4251701831817627,
      0.2448979616165161,
      0.9013605713844299,
      0.6714283227920532,
      0.07823128998279572,
      0.190476194024086
    ],
    "point-3": [
      0.9149659872055054,
      0.7517006993293762,
      0.19387754797935486,
      0.05782312899827957,
      0.4251701831817627,
      0.2448979616165161,
      0.9013605713844299,
      0.6714283227920532,
      0.07823128998279572,
      0.190476194024086
    ]
  }
}
